<?xml version="1.0" encoding="UTF-8" ?>
<project xmlns="http://maven.apache.org/POM/4.0.0"
	xmlns:xsi="http://www.w3.org/2001/XMLSchema-instance"
	xsi:schemaLocation="http://maven.apache.org/POM/4.0.0 http://maven.apache.org/xsd/maven-4.0.0.xsd">
	<modelVersion>4.0.0</modelVersion>

	<groupId>pt.unl.fct.di.scc</groupId>
	<artifactId>LegoProject</artifactId>
	<version>1.0</version>
	<packaging>jar</packaging>

	<name>Azure Java Functions</name>

	<properties>
		<project.build.sourceEncoding>UTF-8</project.build.sourceEncoding>
		<functionAppName>lego-app-function</functionAppName>
		<functionAppRegion>francecentral</functionAppRegion>
		<functionResourceGroup>lego-project-rg</functionResourceGroup>
	</properties>

	<dependencies>
		<dependency>
			<groupId>com.microsoft.azure.functions</groupId>
			<artifactId>azure-functions-java-library</artifactId>
			<version>3.2.0</version>
		</dependency>
		<dependency>
			<groupId>com.azure</groupId>
			<artifactId>azure-storage-blob</artifactId>
			<version>12.31.3</version>
		</dependency>
		<dependency>
			<groupId>com.azure</groupId>
			<artifactId>azure-cosmos</artifactId>
			<version>4.74.0</version>
		</dependency>
		<dependency>
			<groupId>org.apache.commons</groupId>
			<artifactId>commons-lang3</artifactId>
			<version>3.19.0</version>
		</dependency>
		<dependency>
			<groupId>com.azure</groupId>
			<artifactId>azure-ai-textanalytics</artifactId>
			<version>5.2.0</version>
		</dependency>
		<dependency>
			<groupId>org.slf4j</groupId>
			<artifactId>slf4j-api</artifactId>
			<version>2.0.17</version>
		</dependency>
		<dependency>
			<groupId>org.slf4j</groupId>
			<artifactId>slf4j-simple</artifactId>
			<version>2.0.17</version>
		</dependency>
		<dependency>
			<groupId>org.apache.logging.log4j</groupId>
			<artifactId>log4j-core</artifactId>
			<version>2.25.2</version>
		</dependency>
		<dependency>
			<groupId>com.fasterxml.jackson.core</groupId>
			<artifactId>jackson-core</artifactId>
			<version>2.20.0</version>
		</dependency>
		<dependency>
			<groupId>org.jboss.resteasy</groupId>
			<artifactId>resteasy-jackson2-provider</artifactId>
			<version>7.0.0.Final</version>
		</dependency>
		<dependency>
			<groupId>redis.clients</groupId>
			<artifactId>jedis</artifactId>
			<version>6.2.0</version>
		</dependency>
		<dependency>
			<groupId>com.fasterxml.jackson.core</groupId>
			<artifactId>jackson-databind</artifactId>
			<version>2.20.0</version>
		</dependency>
	</dependencies>

	<build>
    <sourceDirectory>src</sourceDirectory>  
		<plugins>
			<plugin>
				<groupId>org.apache.maven.plugins</groupId>
				<artifactId>maven-compiler-plugin</artifactId>
				<version>3.14.1</version>
				<configuration>
					<source>21</source>
					<release>21</release>
					<encoding>${project.build.sourceEncoding}</encoding>
				</configuration>
			</plugin>
			<plugin>
				<groupId>com.microsoft.azure</groupId>
				<artifactId>azure-functions-maven-plugin</artifactId>
				<version>1.39.0</version>
				<configuration>
					<!-- function app name -->
					<appName>${functionAppName}</appName>
					<!-- function app resource group -->
					<resourceGroup>${functionResourceGroup}</resourceGroup>
					<!-- function app service plan name -->
					<!-- <appServicePlanName>java-functions-app-service-plan</appServicePlanName> -->
					<!-- function app region -->
					<!-- refers https://github.com/microsoft/azure-maven-plugins/wiki/Azure-Functions:-Configuration-Details#supported-regions 
						for all valid values -->
					<region>${functionAppRegion}</region>
                    <!-- function pricingTier, default to be consumption if not specified -->
                    <!-- refers https://github.com/microsoft/azure-maven-plugins/wiki/Azure-Functions:-Configuration-Details#supported-pricing-tiers for all valid values -->
                    <pricingTier>B2</pricingTier>
					<!-- Whether to disable application insights, default is false -->
					<!-- refers https://github.com/microsoft/azure-maven-plugins/wiki/Azure-Functions:-Configuration-Details 
						for all valid configurations for application insights -->
					<disableAppInsights>false</disableAppInsights>
					<runtime>
						<!-- runtime os, could be windows, linux or docker -->
						<os>linux</os>
						<javaVersion>21</javaVersion>
					</runtime>
					<appSettings>
						<property>
							<name>FUNCTIONS_EXTENSION_VERSION</name>
							<value>~4</value>
						</property>
					</appSettings>
				</configuration>
				<executions>
					<execution>
						<id>package-functions</id>
						<goals>
							<goal>package</goal>
						</goals>
					</execution>
				</executions>
			</plugin>
			<!--Remove obj folder generated by .NET SDK in maven clean -->
			<plugin>
				<artifactId>maven-clean-plugin</artifactId>
				<version>3.5.0</version>
				<configuration>
					<filesets>
						<fileset>
							<directory>obj</directory>
						</fileset>
					</filesets>
				</configuration>
			</plugin>
		</plugins>
	</build>
</project>
